outcome,outcome_label,outcome_unit,pool,pool_label,matching_spec,matching_lags,n_donors,donor_selection_order,baseline_covariates,scale_mode,pre_rmspe,post_pre_ratio,p_value,fp_p_value,placebo_p_value,mean_post_effect,last_actual,last_synth,last_effect,n_placebos_goodfit,loo_min,loo_max,fp_ci_lb_param,fp_ci_ub_param,fp_ci_initial_param,fp_ci_significance
bolsa_familia,Familias beneficiarias do Bolsa Familia,familias,rs,Rio Grande do Sul,sparse_pre_lags_pop_pib,"202410,202409,202408,202407,202406,202405,202404,202403,202402,202401,202312,202311,202308,202305",15,direct_pre_rmspe,pop_pib,index,2.391383516469464,5.544410106969951,0.0625,0.0625,0.0625,-255.62995693445703,1296.0,1615.8938829551512,-319.8938829551512,15,-333.45117503982306,-302.740522938391,-2.211039936581652,-0.3958265707099537,-0.9952108552734662,0.1
bolsa_familia,Familias beneficiarias do Bolsa Familia,familias,south,"Regiao Sul (RS, SC e PR)",sparse_pre_lags_pop_pib,"202410,202409,202408,202407,202406,202405,202404,202403,202402,202401,202312,202311,202308,202305",12,direct_pre_rmspe,pop_pib,index,2.29109961277634,5.98342887757017,0.0769230769230769,0.0769230769230769,0.0769230769230769,-264.35290621397934,1296.0,1630.582700084179,-334.58270008417867,12,-347.6108477546304,-314.1149380058673,-1.7275347903014784,-0.8804400721442284,-1.0248749992172337,0.1
emprego_estoque,Estoque de vinculos formais,vinculos,rs,Rio Grande do Sul,sparse_pre_lags_pop_pib,"202410,202409,202408,202407,202406,202405,202404,202403,202402,202401,202312,202311,202308,202305",25,direct_pre_rmspe,pop_pib,index,0.4544027135735164,4.094272202784424,0.0769230769230769,0.0769230769230769,0.1111111111111111,624.7239732317034,45565.0,44643.66035276648,921.3396472335226,17,698.3211474480559,1034.3464612539174,0.029381630831075,0.2590545487795472,0.1917171473126988,0.1
emprego_estoque,Estoque de vinculos formais,vinculos,south,"Regiao Sul (RS, SC e PR)",sparse_pre_lags_pop_pib,"202410,202409,202408,202407,202406,202405,202404,202403,202402,202401,202312,202311,202308,202305",20,direct_pre_rmspe,pop_pib,index,0.4247595592285683,3.79022868658038,0.0476190476190476,0.0476190476190476,0.0526315789473684,529.7282926347303,45565.0,45069.62342660211,495.3765733978871,18,432.43372367361735,570.6901523294655,0.0653869334441077,0.1767979076121771,0.1533887977354077,0.1
